{
  "interactionModel": {
    "languageModel": {
      "invocationName": "my test skill",
      "intents": [
        {
          "name": "AMAZON.NavigateHomeIntent",
          "samples": []
        },
        {
          "name": "AMAZON.CancelIntent",
          "samples": []
        },
        {
          "name": "AMAZON.HelpIntent",
          "samples": []
        },
        {
          "name": "AMAZON.StopIntent",
          "samples": []
        },
        {
          "name": "AMAZON.FallbackIntent",
          "samples": []
        },
        {
          "name": "TheNameIsIntent",
          "slots": [
            {
              "name": "user_name",
              "type": "AMAZON.FirstName"
            }
          ],
          "samples": [
            "{user_name}",
            "name is {user_name}",
            "Her name is {user_name}",
            "His name is {user_name}",
            "The name is {user_name}"
          ]
        },
        {
          "name": "TellmarksIntent",
          "slots": [
            {
              "name": "marks",
              "type": "AMAZON.Color"
            }
          ],
          "samples": [
            "the color is {marks}",
            "color is {marks}",
            "it {marks}",
            "it is {marks}",
            "her marks is {marks} ",
            "his marks is {marks}",
            "marks is {marks}",
            "my marks is {marks}"
          ]
        },
        {
          "name": "AddNewRecordIntent",
          "slots": [],
          "samples": [
            "add new record to the d. b.",
            "add new record",
            "add a new entry to the database",
            "add a new record to the database",
            "add a new record"
          ]
        }
      ],
      "types": [],
      "modelConfiguration": {
        "fallbackIntentSensitivity": {
          "level": "LOW"
        }
      }
    }
  },
  "version": "7"
}