{
  "manifest": {
    "publishingInformation": {
      "locales": {
        "en-GB": {
          "summary": "Sample Short Description",
          "examplePhrases": [
            "Alexa open template fifty six",
            "Alexa start template fifty six",
            "Alexa launch template fifty six"
          ],
          "keywords": [],
          "name": "my test skill",
          "description": "Sample Full Description",
          "smallIconUri": "file://assets/images/en-GB_smallIconUri.png",
          "largeIconUri": "file://assets/images/en-GB_largeIconUri.png"
        }
      },
      "isAvailableWorldwide": true,
      "testingInstructions": "Sample Testing Instructions.",
      "category": "KNOWLEDGE_AND_TRIVIA",
      "distributionCountries": []
    },
    "apis": {
      "custom": {
        "endpoint": {
          "uri": "arn:aws:lambda:us-east-1:965598000716:function:4c88316c-0644-4b60-aac0-4718fc706c2b:Release_0"
        },
        "interfaces": [],
        "regions": {
          "EU": {
            "endpoint": {
              "uri": "arn:aws:lambda:eu-west-1:965598000716:function:4c88316c-0644-4b60-aac0-4718fc706c2b:Release_0"
            }
          },
          "NA": {
            "endpoint": {
              "uri": "arn:aws:lambda:us-east-1:965598000716:function:4c88316c-0644-4b60-aac0-4718fc706c2b:Release_0"
            }
          },
          "FE": {
            "endpoint": {
              "uri": "arn:aws:lambda:us-west-2:965598000716:function:4c88316c-0644-4b60-aac0-4718fc706c2b:Release_0"
            }
          }
        }
      }
    },
    "manifestVersion": "1.0",
    "privacyAndCompliance": {
      "locales": {
        "en-US": {},
        "en-CA": {},
        "en-IN": {},
        "en-AU": {},
        "en-GB": {}
      }
    }
  }
}